"sex";"age";"country";"2004";"2005";"2006";"2007";"2008";"2009";"2010";"2011";"2012";"2013";"2014";"2015";"2016";"2017";"2018";"2019";"2020";"2021";"2022"
"Men";"Age, total";"Total";116275;131829;122699;104041;102727;107650;111611;120253;126624;124122;126005;121223;118869;112555;112883;123128;135465;128597;124120
"Men";"Age, total";"Denmark";101409;115064;105323;89286;87474;90594;93185;100784;104882;102700;103381;98497;96158;89097;87452;94962;103423;96676;93685
"Men";"Age, total";"Belgium";13;15;10;10;20;10;15;14;17;24;18;18;19;14;20;18;30;20;34
"Men";"Age, total";"Bosnia and Herzegovina";582;593;657;501;548;557;594;642;708;672;617;624;589;554;615;644;767;733;634
"Men";"Age, total";"Bulgaria";11;15;56;12;28;51;81;109;164;180;235;232;259;280;281;325;464;470;496
"Men";"Age, total";"Estonia";4;9;7;5;9;11;13;14;20;21;14;17;20;13;16;24;19;19;13
"Men";"Age, total";"Finland";36;51;42;39;31;38;44;35;40;44;32;41;36;27;37;32;36;38;40
"Men";"Age, total";"France";71;86;89;65;92;77;73;78;84;64;87;91;80;76;87;105;109;107;106
"Men";"Age, total";"Greece";30;40;46;20;22;31;29;27;40;34;41;40;46;34;46;66;55;80;79
"Men";"Age, total";"Ireland";26;34;35;33;23;25;26;27;28;23;26;33;27;25;30;31;42;37;40
"Men";"Age, total";"Iceland";152;215;0;144;156;163;169;186;190;166;188;188;169;172;176;184;198;203;196
"Men";"Age, total";"Italy";109;128;156;114;101;118;112;136;126;125;169;169;164;153;179;195;239;256;283
"Men";"Age, total";"Yugoslavia";940;998;947;846;849;876;919;976;1045;906;959;848;800;739;743;806;893;867;751
"Men";"Age, total";"Yugoslavia, Federal Republic";67;87;89;75;65;75;72;81;92;76;73;73;74;80;68;65;69;82;69
"Men";"Age, total";"Croatia";21;35;37;28;21;24;27;34;21;32;36;34;44;42;63;66;79;89;100
"Men";"Age, total";"Latvia";22;30;33;20;29;42;73;86;106;122;131;109;131;103;106;159;157;170;183
"Men";"Age, total";"Lithuania";26;54;61;70;79;107;146;207;266;251;263;273;292;350;443;503;576;605;579
"Men";"Age, total";"Netherlands";128;147;156;97;111;135;139;134;165;147;153;168;170;159;143;153;191;231;193
"Men";"Age, total";"Republic of North Macedonia";140;125;128;149;135;139;147;153;181;178;195;224;198;217;200;251;302;329;319
"Men";"Age, total";"Norway";217;251;248;199;183;166;176;199;177;194;175;200;182;177;147;166;182;174;189
"Men";"Age, total";"Poland";307;337;370;376;463;579;663;787;874;851;970;1043;1037;1080;1225;1289;1522;1518;1494
"Men";"Age, total";"Portugal";14;20;12;21;20;24;21;16;23;26;34;30;30;46;43;52;57;67;78
"Men";"Age, total";"Romania";50;62;268;65;74;136;210;306;421;460;613;725;783;844;1025;1236;1450;1566;1772
"Men";"Age, total";"Russia";50;69;71;61;61;68;92;101;115;124;97;123;115;105;124;138;157;168;134
"Men";"Age, total";"Switzerland";19;24;12;18;13;20;23;29;21;20;14;17;17;21;11;14;11;26;17
"Men";"Age, total";"Serbia and Montenegro";19;30;37;37;48;37;44;41;58;50;48;36;41;43;45;38;57;48;38
"Men";"Age, total";"Soviet Union";33;43;35;28;29;27;28;30;27;28;36;22;25;24;19;25;23;28;25
"Men";"Age, total";"Spain";41;45;55;34;38;42;31;45;60;74;57;56;75;62;72;81;119;123;121
"Men";"Age, total";"United Kingdom";258;352;329;262;246;268;267;288;274;277;285;262;282;260;243;302;334;356;325
"Men";"Age, total";"Sweden";194;265;246;172;145;180;189;194;208;222;195;185;186;176;179;195;240;221;225
"Men";"Age, total";"Czechoslovakia";18;22;16;17;16;19;18;22;16;28;15;25;11;12;17;16;17;12;13
"Men";"Age, total";"Turkey";2907;3155;3281;2803;2840;3194;3484;3475;3940;3709;3919;3708;3476;3499;3693;3931;4596;4288;3890
"Men";"Age, total";"Germany";407;449;408;355;361;362;413;420;434;407;403;405;381;396;402;441;470;492;450
"Men";"Age, total";"Ukraine";59;69;89;126;153;211;184;161;164;162;205;205;177;218;204;258;307;312;318
"Men";"Age, total";"Hungary";39;30;38;32;31;39;48;47;64;59;68;82;88;95;97;86;104;97;110
"Men";"Age, total";"Austria";24;28;24;21;19;20;30;16;22;18;30;28;24;23;19;25;24;16;28
"Men";"Age, total";"Algeria";66;63;75;64;43;55;53;65;61;67;82;74;69;70;62;81;98;93;78
"Men";"Age, total";"Egypt";79;108;103;100;90;111;113;101;104;124;130;118;118;110;116;136;133;134;145
"Men";"Age, total";"Ethiopia";33;46;54;38;36;40;51;45;60;54;62;62;57;82;83;82;90;94;89
"Men";"Age, total";"Ghana";47;67;50;60;51;53;54;64;63;84;75;64;70;82;72;100;89;104;128
"Men";"Age, total";"Kenya";23;27;24;13;25;27;39;33;36;32;40;41;28;34;34;25;37;35;47
"Men";"Age, total";"Morocco";424;467;498;424;452;488;505;535;572;548;597;609;560;582;601;619;775;737;670
"Men";"Age, total";"Nigeria";17;38;48;25;39;34;37;26;45;47;58;61;48;56;57;60;57;53;60
"Men";"Age, total";"Somalia";661;637;653;650;748;788;811;820;973;1002;1074;1057;1033;1141;1295;1406;1473;1467;1445
"Men";"Age, total";"South Africa";20;28;23;9;19;16;18;23;15;21;15;19;17;18;24;17;25;26;35
"Men";"Age, total";"Tanzania";19;32;24;21;20;19;19;23;27;18;24;24;25;21;24;32;29;25;29
"Men";"Age, total";"Tunisia";85;87;71;86;65;69;83;94;95;93;101;97;87;102;103;117;115;116;117
"Men";"Age, total";"Uganda";48;51;52;49;49;58;47;56;69;68;56;67;54;67;66;70;77;69;68
"Men";"Age, total";"Canada";27;38;22;25;17;22;28;21;24;26;29;22;20;21;18;26;23;35;27
"Men";"Age, total";"USA";79;114;119;82;81;90;83;95;106;99;96;103;103;119;112;110;107;137;141
"Men";"Age, total";"Argentina";17;18;21;17;15;10;17;15;9;14;19;23;22;18;25;34;71;106;86
"Men";"Age, total";"Brazil";19;31;27;30;23;35;36;35;40;39;43;35;37;49;44;57;64;53;53
"Men";"Age, total";"Chile";41;55;50;40;30;43;50;47;51;43;41;40;34;43;64;53;56;55;55
"Men";"Age, total";"Afghanistan";262;339;398;379;401;512;500;609;623;690;694;716;751;778;828;917;977;913;908
"Men";"Age, total";"Philippines";50;50;66;38;50;61;44;58;48;49;60;65;55;50;62;60;62;65;80
"Men";"Age, total";"India";118;134;139;114;115;137;150;138;130;138;152;157;147;138;173;200;217;250;239
"Men";"Age, total";"Indonesia";6;8;8;9;6;4;5;8;8;5;9;10;5;10;9;7;11;12;16
"Men";"Age, total";"Iraq";966;1174;1276;1101;1126;1338;1399;1427;1608;1606;1569;1572;1643;1639;1753;1923;2228;2199;1996
"Men";"Age, total";"Iran";758;843;790;680;681;702;805;767;886;844;893;877;868;805;909;961;1081;1069;985
"Men";"Age, total";"Israel";69;71;66;61;59;61;67;65;65;63;61;63;67;62;59;65;80;73;55
"Men";"Age, total";"Japan";7;8;11;3;10;4;7;7;8;6;5;5;7;4;2;10;7;9;8
"Men";"Age, total";"Jordan";139;154;149;136;105;142;140;169;173;177;181;173;152;180;171;182;218;219;191
"Men";"Age, total";"China";82;120;110;91;69;137;113;118;144;143;127;118;115;127;117;147;146;143;140
"Men";"Age, total";"Kuwait";87;105;113;107;97;147;134;132;157;142;144;138;161;170;210;231;242;234;232
"Men";"Age, total";"Lebanon";1111;1238;1359;1190;1286;1414;1590;1731;2021;2074;2172;2196;2166;2130;2329;2499;2782;2790;2623
"Men";"Age, total";"Myanmar";4;5;6;3;13;11;14;24;31;41;41;31;49;47;50;50;50;51;48
"Men";"Age, total";"Pakistan";1089;1191;1152;958;990;1014;1175;1204;1360;1269;1431;1357;1273;1325;1318;1523;1639;1574;1459
"Men";"Age, total";"Sri Lanka";262;285;314;267;263;297;319;346;340;343;311;329;369;350;339;335;403;375;346
"Men";"Age, total";"Syria";127;121;141;132;135;163;177;202;279;307;378;574;923;1331;1754;2028;2389;2394;2225
"Men";"Age, total";"Thailand";57;62;61;52;70;67;66;81;87;85;94;73;76;82;70;107;112;127;114
"Men";"Age, total";"Vietnam";305;337;293;259;258;280;291;284;304;304;295;265;276;273;300;270;318;302;271
"Men";"Age, total";"Australia";24;13;21;14;19;17;13;20;16;15;16;20;24;20;20;26;30;16;29
"Men";"Age, total";"Other countries, total";604;687;901;573;638;719;773;865;913;968;1048;1137;1154;1203;1340;1680;1835;1919;1855
"Men";"Age, total";"Other countries, western";27;21;30;24;51;41;45;55;43;61;57;82;86;95;88;102;118;114;121
"Men";"Age, total";"Other countries, non-western";577;666;700;549;587;677;728;810;870;907;991;1055;1068;1108;1252;1578;1717;1805;1734
"Men";"15-29 years";"Total";43351;45994;44213;38295;37989;40129;39230;43021;47349;46159;45614;41644;41122;40887;42816;45807;46565;43417;42343
"Men";"15-29 years";"Denmark";36421;38590;36429;31539;30846;32173;30675;34081;37077;36167;35303;31673;30971;30559;31494;33702;33537;30959;30824
"Men";"15-29 years";"Belgium";1;4;1;3;3;2;3;1;2;5;4;4;4;2;4;4;7;4;9
"Men";"15-29 years";"Bosnia and Herzegovina";315;308;348;262;288;281;280;323;333;292;292;265;256;231;245;269;280;249;236
"Men";"15-29 years";"Bulgaria";6;3;20;5;12;26;49;53;94;101;130;118;119;117;123;104;163;161;160
"Men";"15-29 years";"Estonia";1;6;5;2;6;8;11;13;15;18;10;9;10;5;12;10;4;3;5
"Men";"15-29 years";"Finland";10;9;11;9;8;10;6;4;6;8;2;5;7;4;10;5;8;10;9
"Men";"15-29 years";"France";13;23;26;16;19;15;12;14;17;17;21;18;18;14;17;25;17;24;21
"Men";"15-29 years";"Greece";7;6;6;2;1;3;3;5;3;9;5;7;10;8;8;13;9;14;22
"Men";"15-29 years";"Ireland";6;7;12;4;2;1;5;3;4;4;3;3;7;5;6;8;9;2;3
"Men";"15-29 years";"Iceland";60;77;0;53;48;61;58;71;77;70;67;52;55;53;56;57;48;60;58
"Men";"15-29 years";"Italy";23;23;30;21;10;14;7;21;14;21;29;30;19;25;31;37;63;53;67
"Men";"15-29 years";"Yugoslavia";422;407;397;366;403;377;384;387;445;357;371;307;291;274;257;283;272;238;206
"Men";"15-29 years";"Yugoslavia, Federal Republic";34;38;41;39;28;40;41;43;48;36;41;41;49;45;44;34;38;42;28
"Men";"15-29 years";"Croatia";9;15;16;10;8;13;8;15;8;9;9;12;14;17;19;20;23;35;49
"Men";"15-29 years";"Latvia";17;27;26;16;18;26;43;52;59;59;63;43;60;37;47;61;63;66;77
"Men";"15-29 years";"Lithuania";23;40;44;39;54;61;89;130;174;144;147;139;142;144;201;208;225;210;181
"Men";"15-29 years";"Netherlands";27;27;21;23;26;28;38;29;45;45;31;34;42;40;45;40;51;63;51
"Men";"15-29 years";"Republic of North Macedonia";77;71;57;72;57;60;55;54;60;55;68;64;68;67;82;109;122;117;112
"Men";"15-29 years";"Norway";66;51;59;70;52;47;39;46;51;52;42;49;34;44;36;42;41;41;38
"Men";"15-29 years";"Poland";149;164;175;160;233;234;279;319;341;307;317;326;291;270;316;318;356;342;364
"Men";"15-29 years";"Portugal";4;4;4;5;6;7;2;3;7;5;8;7;10;13;12;21;14;19;20
"Men";"15-29 years";"Romania";22;31;108;26;40;75;116;164;236;244;312;360;375;381;425;450;517;509;610
"Men";"15-29 years";"Russia";28;47;48;40;38;37;62;50;58;69;53;60;52;43;56;54;71;71;53
"Men";"15-29 years";"Switzerland";2;3;2;5;2;5;4;5;3;4;3;3;2;3;3;2;3;8;7
"Men";"15-29 years";"Serbia and Montenegro";8;14;21;12;26;21;27;25;33;31;34;22;21;22;26;22;30;21;17
"Men";"15-29 years";"Soviet Union";12;13;10;13;11;10;11;11;9;13;9;9;10;11;7;9;2;6;4
"Men";"15-29 years";"Spain";13;16;25;14;13;17;7;14;24;20;16;15;23;23;27;33;45;46;41
"Men";"15-29 years";"United Kingdom";28;48;48;38;35;38;41;43;50;49;50;39;45;39;47;65;62;87;48
"Men";"15-29 years";"Sweden";54;53;47;35;29;47;37;50;40;54;48;34;41;40;37;43;48;39;39
"Men";"15-29 years";"Czechoslovakia";7;5;4;5;7;8;3;8;4;9;4;8;4;4;4;4;6;2;1
"Men";"15-29 years";"Turkey";1529;1528;1594;1342;1380;1499;1701;1577;1804;1716;1743;1626;1518;1491;1594;1673;1801;1647;1380
"Men";"15-29 years";"Germany";61;66;66;66;70;68;75;70;84;69;78;77;68;89;89;103;111;108;95
"Men";"15-29 years";"Ukraine";45;56;79;117;137;183;147;128;123;110;109;112;95;103;90;109;140;128;110
"Men";"15-29 years";"Hungary";9;8;16;5;11;17;12;17;19;25;30;27;26;35;30;28;31;27;25
"Men";"15-29 years";"Austria";3;3;2;1;3;2;4;3;5;6;10;7;8;6;4;7;3;8;5
"Men";"15-29 years";"Algeria";16;14;21;21;14;21;16;24;26;28;31;29;26;27;26;25;31;38;30
"Men";"15-29 years";"Egypt";32;35;33;37;24;37;39;37;41;40;38;37;36;41;41;55;44;45;41
"Men";"15-29 years";"Ethiopia";17;24;28;24;25;28;32;26;34;32;37;34;39;47;49;46;56;52;45
"Men";"15-29 years";"Ghana";16;22;13;13;20;19;15;17;16;26;22;17;26;25;25;29;29;37;26
"Men";"15-29 years";"Kenya";15;13;19;8;14;15;18;17;20;17;19;19;11;13;12;7;12;11;13
"Men";"15-29 years";"Morocco";233;245;269;216;238;261;277;301;285;268;286;301;285;294;327;302;350;321;304
"Men";"15-29 years";"Nigeria";6;6;8;5;9;9;11;9;9;12;12;11;7;9;8;13;5;9;9
"Men";"15-29 years";"Somalia";373;364;375;359;403;439;451;460;572;631;667;673;674;751;820;903;884;885;853
"Men";"15-29 years";"South Africa";7;6;6;0;2;3;3;5;4;5;5;2;5;3;5;4;8;5;8
"Men";"15-29 years";"Tanzania";13;16;11;10;10;9;7;10;11;6;10;8;11;6;8;10;8;11;7
"Men";"15-29 years";"Tunisia";12;17;12;14;10;21;27;25;36;32;41;48;40;56;57;56;55;53;59
"Men";"15-29 years";"Uganda";29;40;44;33;36;32;25;38;44;39;32;27;24;28;22;25;30;22;20
"Men";"15-29 years";"Canada";8;7;6;4;6;5;4;6;7;5;6;5;6;8;5;4;4;9;9
"Men";"15-29 years";"USA";10;13;16;14;10;17;18;14;15;7;13;15;14;24;33;28;17;18;20
"Men";"15-29 years";"Argentina";4;2;3;4;4;3;2;1;1;3;4;3;8;7;10;14;39;51;27
"Men";"15-29 years";"Brazil";12;21;15;23;14;24;22;21;27;23;24;17;17;25;22;22;23;15;13
"Men";"15-29 years";"Chile";15;13;18;9;8;9;11;8;11;13;7;10;7;8;8;13;14;9;9
"Men";"15-29 years";"Afghanistan";134;186;214;224;244;326;306;394;428;438;442;430;467;490;502;500;509;454;414
"Men";"15-29 years";"Philippines";28;26;34;26;30;26;20;30;22;27;26;28;25;21;19;32;28;29;35
"Men";"15-29 years";"India";46;49;54;45;49;53;58;53;37;38;33;40;39;30;50;42;49;63;61
"Men";"15-29 years";"Indonesia";1;2;2;4;1;1;1;1;1;0;1;1;1;2;5;3;2;4;8
"Men";"15-29 years";"Iraq";470;566;612;560;609;746;786;862;951;932;923;907;960;947;996;1045;1117;1038;962
"Men";"15-29 years";"Iran";284;310;299;248;261;285;301;279;348;319;315;275;273;261;265;294;316;281;259
"Men";"15-29 years";"Israel";19;14;11;9;10;11;19;12;14;12;14;14;19;15;20;19;23;17;16
"Men";"15-29 years";"Japan";1;2;2;1;2;1;1;0;0;1;0;0;0;0;0;0;0;0;1
"Men";"15-29 years";"Jordan";85;82;77;74;60;71;72;93;93;91;99;91;84;85;77;71;85;71;64
"Men";"15-29 years";"China";36;62;39;40;27;71;51;45;59;39;33;34;25;27;21;15;16;11;25
"Men";"15-29 years";"Kuwait";51;51;65;57;48;74;68;76;89;87;88;77;92;98;123;137;134;126;119
"Men";"15-29 years";"Lebanon";675;749;785;717;801;857;977;1071;1288;1355;1386;1344;1358;1292;1418;1490;1562;1492;1348
"Men";"15-29 years";"Myanmar";2;3;3;1;1;3;4;12;14;7;13;7;20;17;22;22;16;17;13
"Men";"15-29 years";"Pakistan";560;579;549;458;466;479;530;498;601;536;552;534;502;508;525;554;580;520;446
"Men";"15-29 years";"Sri Lanka";114;123;145;117;125;134;131;130;152;151;142;130;140;132;141;136;151;133;113
"Men";"15-29 years";"Syria";76;76;87;89;81;100;112;122;178;174;230;280;465;660;903;1046;1189;1197;1097
"Men";"15-29 years";"Thailand";43;46;45;45;45;38;40;46;56;56;53;47;46;53;42;66;64;49;53
"Men";"15-29 years";"Vietnam";137;141;121;111;89;91;96;83;91;93;96;69;77;78;106;98;104;92;87
"Men";"15-29 years";"Australia";7;3;4;1;2;4;3;5;2;2;1;4;7;7;5;2;4;1;4
"Men";"15-29 years";"Other countries, total";252;275;370;239;261;292;342;358;394;414;451;471;521;528;594;707;787;812;750
"Men";"15-29 years";"Other countries, western";12;6;12;9;19;18;18;17;19;18;17;36;36;37;50;43;61;55;54
"Men";"15-29 years";"Other countries, non-western";240;269;296;230;242;274;324;341;375;396;434;435;485;491;544;664;726;757;696
"Men";"30-49 years";"Total";51865;59922;55038;45741;44672;45810;47919;50222;51334;48643;50015;48603;45641;41780;41359;45302;52176;49571;47387
"Men";"30-49 years";"Denmark";45383;52393;47368;39386;38237;38598;40289;42087;42604;39985;40811;39159;36401;32086;30873;33240;37908;34958;33312
"Men";"30-49 years";"Belgium";10;8;7;4;12;3;8;9;12;15;8;10;9;3;10;10;14;11;14
"Men";"30-49 years";"Bosnia and Herzegovina";217;213;240;183;186;191;226;223;257;262;220;258;228;228;257;263;331;341;285
"Men";"30-49 years";"Bulgaria";3;10;20;3;12;19;30;49;62;65;95;99;124;149;140;201;271;273;292
"Men";"30-49 years";"Estonia";3;3;2;3;3;3;2;1;5;3;4;6;8;8;3;13;15;14;8
"Men";"30-49 years";"Finland";13;26;22;22;15;17;24;20;20;20;13;16;16;14;16;13;12;18;20
"Men";"30-49 years";"France";50;50;47;38;52;45;44;42;51;34;46;48;37;38;48;43;59;52;50
"Men";"30-49 years";"Greece";19;29;29;8;15;17;11;8;20;16;22;20;19;16;25;34;34;42;38
"Men";"30-49 years";"Ireland";17;22;16;19;14;18;13;13;12;11;12;20;12;14;13;11;20;24;28
"Men";"30-49 years";"Iceland";74;114;0;73;85;82;83;87;82;61;81;96;76;73;73;74;102;88;82
"Men";"30-49 years";"Italy";54;63;81;59;47;63;62;69;67;61;76;87;93;74;99;100;116;135;139
"Men";"30-49 years";"Yugoslavia";429;482;449;392;360;396;404;457;451;413;430;394;350;308;338;357;423;413;345
"Men";"30-49 years";"Yugoslavia, Federal Republic";30;43;42;34;28;29;27;29;40;31;20;26;15;25;17;21;21;32;32
"Men";"30-49 years";"Croatia";10;15;16;11;12;8;12;13;9;17;19;18;24;20;36;30;38;38;40
"Men";"30-49 years";"Latvia";5;1;7;4;11;16;29;34;44;61;64;65;70;62;57;91;86;95;98
"Men";"30-49 years";"Lithuania";3;14;17;28;24;42;55;76;87;99;112;127;145;188;225;268;319;359;361
"Men";"30-49 years";"Netherlands";80;99;110;57;65;70;70;71;86;61;75;77;72;69;47;53;62;92;65
"Men";"30-49 years";"Republic of North Macedonia";48;41;57;67;64;67;79;84;98;100;109;121;102;112;84;100;134;153;160
"Men";"30-49 years";"Norway";100;119;129;67;79;73;70;93;70;86;69;78;74;59;49;64;77;75;74
"Men";"30-49 years";"Poland";94;111;128;145;180;276;309;380;441;450;563;603;629;700;756;829;977;995;928
"Men";"30-49 years";"Portugal";8;11;6;10;8;12;16;10;14;18;18;19;18;29;27;28;34;42;46
"Men";"30-49 years";"Romania";22;23;104;26;29;49;82;121;167;191;278;332;377;428;558;730;863;976;1071
"Men";"30-49 years";"Russia";21;19;20;18;18;29;28;41;48;43;36;54;57;54;55;70;76;78;66
"Men";"30-49 years";"Switzerland";10;11;5;10;5;8;8;12;7;7;3;7;11;8;4;7;3;6;6
"Men";"30-49 years";"Serbia and Montenegro";10;15;16;23;18;16;15;13;22;16;10;12;19;16;13;9;21;20;17
"Men";"30-49 years";"Soviet Union";13;16;15;10;14;8;8;9;10;7;15;5;4;8;7;6;9;11;11
"Men";"30-49 years";"Spain";17;18;20;14;17;19;20;20;23;44;29;26;42;28;37;34;52;61;57
"Men";"30-49 years";"United Kingdom";163;214;198;153;149;152;133;155;125;115;133;119;116;112;96;115;133;133;164
"Men";"30-49 years";"Sweden";81;123;124;75;65;81;73;83;80;95;71;80;83;57;69;95;106;109;101
"Men";"30-49 years";"Czechoslovakia";5;4;6;4;2;5;8;7;7;9;4;6;5;4;6;8;7;7;6
"Men";"30-49 years";"Turkey";1241;1433;1479;1278;1290;1496;1532;1623;1793;1682;1759;1678;1512;1571;1600;1748;2154;1992;1877
"Men";"30-49 years";"Germany";186;209;170;142;154;165;172;187;177;160;160;152;133;140;133;152;151;179;161
"Men";"30-49 years";"Ukraine";13;11;8;8;15;23;34;30;35;48;92;88;78;109;108;141;162;172;201
"Men";"30-49 years";"Hungary";14;10;13;13;11;13;23;12;26;22;27;43;56;47;47;43;58;57;63
"Men";"30-49 years";"Austria";13;13;9;8;11;13;10;5;10;6;8;3;7;7;8;7;7;3;11
"Men";"30-49 years";"Algeria";37;33;32;35;19;21;20;25;20;21;25;24;21;21;14;28;34;27;27
"Men";"30-49 years";"Egypt";33;48;38;45;41;38;40;39;38;49;51;49;53;43;50;56;68;61;74
"Men";"30-49 years";"Ethiopia";12;18;15;12;7;8;12;13;16;13;13;16;12;19;24;22;22;30;30
"Men";"30-49 years";"Ghana";27;39;28;44;25;27;29;32;30;37;37;36;33;44;35;54;39;47;73
"Men";"30-49 years";"Kenya";5;12;5;3;8;6;14;13;12;12;16;16;12;20;17;10;18;13;20
"Men";"30-49 years";"Morocco";168;188;199;172;175;189;195;193;233;224;229;228;218;212;207;235;320;327;266
"Men";"30-49 years";"Nigeria";11;30;38;18;29;22;23;16;29;28;37;39;34;39;35;38;42;34;26
"Men";"30-49 years";"Somalia";272;259;271;273;321;318;327;319;349;326;351;334;304;328;392;390;458;454;447
"Men";"30-49 years";"South Africa";11;17;10;7;13;9;11;14;8;12;9;13;9;9;8;10;12;11;17
"Men";"30-49 years";"Tanzania";5;11;10;10;7;7;7;11;12;6;11;11;9;8;11;15;16;11;20
"Men";"30-49 years";"Tunisia";65;64;50;60;45;40;45;48;42;36;33;24;26;21;25;27;31;32;30
"Men";"30-49 years";"Uganda";18;8;8;12;13;25;21;17;23;25;24;35;27;33;39;39;43;42;46
"Men";"30-49 years";"Canada";16;22;7;9;8;14;15;7;6;14;16;10;9;4;7;8;12;17;14
"Men";"30-49 years";"USA";39;63;69;51;48;46;37;49;47;46;45;34;45;44;40;41;42;59;59
"Men";"30-49 years";"Argentina";9;13;12;5;4;6;9;5;3;6;8;13;7;5;12;11;21;49;52
"Men";"30-49 years";"Brazil";5;8;12;3;5;10;11;13;8;13;16;13;17;21;19;32;36;32;36
"Men";"30-49 years";"Chile";18;39;25;21;17;27;34;28;28;25;23;22;19;25;39;32;30;33;30
"Men";"30-49 years";"Afghanistan";118;131;166;141;141;160;169;184;157;198;197;223;208;225;247;317;382;350;379
"Men";"30-49 years";"Philippines";18;18;27;7;15;25;20;17;20;18;27;29;22;22;35;19;24;29;32
"Men";"30-49 years";"India";45;63;61;45;49;59;69;61;70;77;89;92;85;84;99;131;129;155;141
"Men";"30-49 years";"Indonesia";1;3;5;3;3;2;2;7;4;4;3;7;4;5;4;3;7;6;7
"Men";"30-49 years";"Iraq";431;540;564;441;410;492;476;445;497;490;486;447;471;459;535;619;792;839;722
"Men";"30-49 years";"Iran";414;467;407;346;299;290;337;309;320;325;319;345;345;308;391;439;488;524;474
"Men";"30-49 years";"Israel";35;40;42;41;31;34;32;32;26;29;25;21;25;26;18;25;24;24;22
"Men";"30-49 years";"Japan";3;4;7;1;3;3;4;4;6;3;4;4;4;3;0;9;4;5;4
"Men";"30-49 years";"Jordan";44;54;58;51;38;55;53;65;65;70;67;57;53;74;66;83;95;111;107
"Men";"30-49 years";"China";34;46;57;38;36;48;45;52;60;72;65;61;59;68;72;91;93;90;80
"Men";"30-49 years";"Kuwait";34;54;47;47;46;62;57;50;60;50;48;48;58;60;67;69;79;76;85
"Men";"30-49 years";"Lebanon";411;449;509;427;429;497;527;571;609;592;626;656;608;609;670;739;874;946;922
"Men";"30-49 years";"Myanmar";2;2;3;2;12;8;8;12;16;31;24;23;28;22;17;27;25;23;22
"Men";"30-49 years";"Pakistan";419;474;484;397;420;432;520;574;623;576;687;658;599;611;610;753;811;788;757
"Men";"30-49 years";"Sri Lanka";132;141;138;126;115;126;140;162;131;143;113;132;131;134;119;117;149;143;150
"Men";"30-49 years";"Syria";44;38;45;35;45;53;58;63;81;116;124;254;407;606;758;873;1072;1048;967
"Men";"30-49 years";"Thailand";11;15;14;5;22;25;23;31;27;29;37;24;27;26;27;39;46;71;48
"Men";"30-49 years";"Vietnam";145;168;141;129;142;155;170;157;160;156;142;129;139;135;131;110;135;135;99
"Men";"30-49 years";"Australia";13;8;11;11;15;11;6;13;10;8;13;10;15;8;10;17;19;9;18
"Men";"30-49 years";"Other countries, total";301;349;443;273;309;338;344;398;426;449;483;514;476;535;575;766;829;866;855
"Men";"30-49 years";"Other countries, western";14;13;15;12;23;17;21;35;19;37;31;33;42;46;34;50;44;54;55
"Men";"30-49 years";"Other countries, non-western";287;336;343;261;286;320;323;363;407;412;452;481;434;489;541;716;785;812;800
"Men";"50-79 years";"Total";21059;25913;23448;20005;20066;21711;24462;27010;27941;29320;30376;30976;32106;29888;28708;32019;36724;35609;34390
"Men";"50-79 years";"Denmark";19605;24081;21526;18361;18391;19823;22221;24616;25201;26548;27267;27665;28786;26452;25085;28020;31978;30759;29549
"Men";"50-79 years";"Belgium";2;3;2;3;5;5;4;4;3;4;6;4;6;9;6;4;9;5;11
"Men";"50-79 years";"Bosnia and Herzegovina";50;72;69;56;74;85;88;96;118;118;105;101;105;95;113;112;156;143;113
"Men";"50-79 years";"Bulgaria";2;2;16;4;4;6;2;7;8;14;10;15;16;14;18;20;30;36;44
"Men";"50-79 years";"Estonia";0;0;0;0;0;0;0;0;0;0;0;2;2;0;1;1;0;2;0
"Men";"50-79 years";"Finland";13;16;9;8;8;11;14;11;14;16;17;20;13;9;11;14;16;10;11
"Men";"50-79 years";"France";8;13;16;11;21;17;17;22;16;13;20;25;25;24;22;37;33;31;35
"Men";"50-79 years";"Greece";4;5;11;10;6;11;15;14;17;9;14;13;17;10;13;19;12;24;19
"Men";"50-79 years";"Ireland";3;5;7;10;7;6;8;11;12;8;11;10;8;6;11;12;13;11;9
"Men";"50-79 years";"Iceland";18;24;0;18;23;20;28;28;31;35;40;40;38;46;47;53;48;55;56
"Men";"50-79 years";"Italy";32;42;45;34;44;41;43;46;45;43;64;52;52;54;49;58;60;68;77
"Men";"50-79 years";"Yugoslavia";89;109;101;88;86;103;131;132;149;136;158;147;159;157;148;166;198;216;200
"Men";"50-79 years";"Yugoslavia, Federal Republic";3;6;6;2;9;6;4;9;4;9;12;6;10;10;7;10;10;8;9
"Men";"50-79 years";"Croatia";2;5;5;7;1;3;7;6;4;6;8;4;6;5;8;16;18;16;11
"Men";"50-79 years";"Latvia";0;2;0;0;0;0;1;0;3;2;4;1;1;4;2;7;8;9;8
"Men";"50-79 years";"Lithuania";0;0;0;3;1;4;2;1;5;8;4;7;5;18;17;27;32;36;37
"Men";"50-79 years";"Netherlands";21;21;25;17;20;37;31;34;34;41;47;57;56;50;51;60;78;76;77
"Men";"50-79 years";"Republic of North Macedonia";15;13;14;10;14;12;13;15;23;23;18;39;28;38;34;42;46;59;47
"Men";"50-79 years";"Norway";51;81;60;62;52;46;67;60;56;56;64;73;74;74;62;60;64;58;77
"Men";"50-79 years";"Poland";64;62;67;71;50;69;75;88;92;94;90;114;117;110;153;142;189;181;202
"Men";"50-79 years";"Portugal";2;5;2;6;6;5;3;3;2;3;8;4;2;4;4;3;9;6;12
"Men";"50-79 years";"Romania";6;8;56;13;5;12;12;21;18;25;23;33;31;35;42;56;70;81;91
"Men";"50-79 years";"Russia";1;3;3;3;5;2;2;10;9;12;8;9;6;8;13;14;10;19;15
"Men";"50-79 years";"Switzerland";7;10;5;3;6;7;11;12;11;9;8;7;4;10;4;5;5;12;4
"Men";"50-79 years";"Serbia and Montenegro";1;1;0;2;4;0;2;3;3;3;4;2;1;5;6;7;6;7;4
"Men";"50-79 years";"Soviet Union";8;14;10;5;4;9;9;10;8;8;12;8;11;5;5;10;12;11;10
"Men";"50-79 years";"Spain";11;11;10;6;8;6;4;11;13;10;12;15;10;11;8;14;22;16;23
"Men";"50-79 years";"United Kingdom";67;90;83;71;62;78;93;90;99;113;102;104;121;109;100;122;139;136;113
"Men";"50-79 years";"Sweden";59;89;75;62;51;52;79;61;88;73;76;71;62;79;73;57;86;73;85
"Men";"50-79 years";"Czechoslovakia";6;13;6;8;7;6;7;7;5;10;7;11;2;4;7;4;4;3;6
"Men";"50-79 years";"Turkey";137;194;208;183;170;199;251;275;343;311;417;404;446;437;499;510;641;649;633
"Men";"50-79 years";"Germany";160;174;172;147;137;129;166;163;173;178;165;176;180;167;180;186;208;205;194
"Men";"50-79 years";"Ukraine";1;2;2;1;1;5;3;3;6;4;4;5;4;6;6;8;5;12;7
"Men";"50-79 years";"Hungary";16;12;9;14;9;9;13;18;19;12;11;12;6;13;20;15;15;13;22
"Men";"50-79 years";"Austria";8;12;13;12;5;5;16;8;7;6;12;18;9;10;7;11;14;5;12
"Men";"50-79 years";"Algeria";13;16;22;8;10;13;17;16;15;18;26;21;22;22;22;28;33;28;21
"Men";"50-79 years";"Egypt";14;25;32;18;25;36;34;25;25;35;41;32;29;26;25;25;21;28;30
"Men";"50-79 years";"Ethiopia";4;4;11;2;4;4;7;6;10;9;12;12;6;16;10;14;12;12;14
"Men";"50-79 years";"Ghana";4;6;9;3;6;7;10;15;17;21;16;11;11;13;12;17;21;20;29
"Men";"50-79 years";"Kenya";3;2;0;2;3;6;7;3;4;3;5;6;5;1;5;8;7;11;14
"Men";"50-79 years";"Morocco";23;34;30;36;39;38;33;41;54;56;82;80;57;76;67;82;105;89;100
"Men";"50-79 years";"Nigeria";0;2;2;2;1;3;3;1;7;7;9;11;7;8;14;9;10;10;25
"Men";"50-79 years";"Somalia";16;14;7;18;24;31;33;41;52;45;56;50;55;62;83;113;131;128;145
"Men";"50-79 years";"South Africa";2;5;7;2;4;4;4;4;3;4;1;4;3;6;11;3;5;10;10
"Men";"50-79 years";"Tanzania";1;5;3;1;3;3;5;2;4;6;3;5;5;7;5;7;5;3;2
"Men";"50-79 years";"Tunisia";8;6;9;12;10;8;11;21;17;25;27;25;21;25;21;34;29;31;28
"Men";"50-79 years";"Uganda";1;3;0;4;0;1;1;1;2;4;0;5;3;6;5;6;4;5;2
"Men";"50-79 years";"Canada";3;9;9;12;3;3;9;8;11;7;7;7;5;9;6;14;7;9;4
"Men";"50-79 years";"USA";30;38;34;17;23;27;28;32;44;46;38;54;44;51;39;41;48;60;62
"Men";"50-79 years";"Argentina";4;3;6;8;7;1;6;9;5;5;7;7;7;6;3;9;11;6;7
"Men";"50-79 years";"Brazil";2;2;0;4;4;1;3;1;5;3;3;5;3;3;3;3;5;6;4
"Men";"50-79 years";"Chile";8;3;7;10;5;7;5;11;12;5;11;8;8;10;17;8;12;13;16
"Men";"50-79 years";"Afghanistan";10;22;18;14;16;26;25;31;38;54;55;63;76;63;79;100;86;109;115
"Men";"50-79 years";"Philippines";4;6;5;5;5;10;4;11;6;4;7;8;8;7;8;9;10;7;13
"Men";"50-79 years";"India";27;22;24;24;17;25;23;24;23;23;30;25;23;24;24;27;39;32;37
"Men";"50-79 years";"Indonesia";4;3;1;2;2;1;2;0;3;1;5;2;0;3;0;1;2;2;1
"Men";"50-79 years";"Iraq";65;68;100;100;107;100;137;120;160;184;160;218;212;233;222;259;319;322;312
"Men";"50-79 years";"Iran";60;66;84;86;121;127;167;179;218;200;259;257;250;236;253;228;277;264;252
"Men";"50-79 years";"Israel";15;17;13;11;18;16;16;21;25;22;22;28;23;21;21;21;33;32;17
"Men";"50-79 years";"Japan";3;2;2;1;5;0;2;3;2;2;1;1;3;1;2;1;3;4;3
"Men";"50-79 years";"Jordan";10;18;14;11;7;16;15;11;15;16;15;25;15;21;28;28;38;37;20
"Men";"50-79 years";"China";12;12;14;13;6;18;17;21;25;32;29;23;31;32;24;41;37;42;35
"Men";"50-79 years";"Kuwait";2;0;1;3;3;11;9;6;8;5;8;13;11;12;20;25;29;32;28
"Men";"50-79 years";"Lebanon";25;40;65;46;56;60;86;89;124;127;160;196;200;229;241;270;346;352;353
"Men";"50-79 years";"Myanmar";0;0;0;0;0;0;2;0;1;3;4;1;1;8;11;1;9;11;13
"Men";"50-79 years";"Pakistan";110;138;119;103;104;103;125;132;136;157;192;165;172;206;183;216;248;266;256
"Men";"50-79 years";"Sri Lanka";16;21;31;24;23;37;48;54;57;49;56;67;98;84;79;82;103;99;83
"Men";"50-79 years";"Syria";7;7;9;8;9;10;7;17;20;17;24;40;51;65;93;109;128;149;161
"Men";"50-79 years";"Thailand";3;1;2;2;3;4;3;4;4;0;4;2;3;3;1;2;2;7;13
"Men";"50-79 years";"Vietnam";23;28;31;19;27;34;25;44;53;55;57;67;60;60;63;62;79;75;85
"Men";"50-79 years";"Australia";4;2;6;2;2;2;4;2;4;5;2;6;2;5;5;7;7;6;7
"Men";"50-79 years";"Other countries, total";51;63;88;61;68;89;87;109;93;105;114;152;157;140;171;207;219;241;250
"Men";"50-79 years";"Other countries, western";1;2;3;3;9;6;6;3;5;6;9;13;8;12;4;9;13;5;12
"Men";"50-79 years";"Other countries, non-western";50;61;61;58;59;83;81;106;88;99;105;139;149;128;167;198;206;236;238
"Women";"Age, total";"Total";26546;33920;30418;27327;28176;30105;32342;33916;34307;36289;36847;36388;35396;32868;31568;34818;41143;41140;38931
"Women";"Age, total";"Denmark";23714;30495;26939;24439;25107;26384;28426;29617;29669;31403;31505;30840;30072;27425;25659;28219;32874;32458;30490
"Women";"Age, total";"Belgium";2;6;6;4;3;5;7;3;7;7;4;9;13;6;4;5;6;14;6
"Women";"Age, total";"Bosnia and Herzegovina";104;115;119;95;113;124;146;145;171;174;202;178;171;143;172;170;208;236;214
"Women";"Age, total";"Bulgaria";3;12;40;7;17;10;23;35;39;35;41;43;40;54;60;71;84;100;96
"Women";"Age, total";"Estonia";3;3;6;7;7;9;9;11;7;4;12;10;9;16;11;13;11;10;15
"Women";"Age, total";"Finland";21;36;20;30;13;16;20;28;19;23;28;27;26;19;12;21;20;22;20
"Women";"Age, total";"France";17;25;22;21;16;18;22;24;18;17;22;24;14;23;29;26;29;47;41
"Women";"Age, total";"Greece";2;5;1;1;4;4;1;4;7;4;5;3;6;10;12;7;9;18;16
"Women";"Age, total";"Ireland";12;7;5;5;4;5;9;10;7;9;7;6;6;6;5;9;9;6;11
"Women";"Age, total";"Iceland";48;62;0;43;45;57;64;54;67;63;68;65;63;72;90;89;93;85;83
"Women";"Age, total";"Italy";16;16;15;9;7;15;14;20;19;19;28;23;20;20;33;42;43;55;54
"Women";"Age, total";"Yugoslavia";218;233;208;175;197;220;252;262;299;246;285;272;244;224;239;224;297;309;294
"Women";"Age, total";"Yugoslavia, Federal Republic";7;17;16;17;17;19;18;19;27;30;35;30;23;32;27;23;26;41;32
"Women";"Age, total";"Croatia";3;12;9;9;9;7;11;12;9;10;16;15;21;10;14;20;23;32;22
"Women";"Age, total";"Latvia";11;13;12;13;13;15;28;29;34;48;27;45;55;51;56;45;65;68;46
"Women";"Age, total";"Lithuania";11;24;21;23;29;48;43;65;66;82;100;101;99;86;108;120;166;154;155
"Women";"Age, total";"Netherlands";30;41;38;31;41;44;35;40;37;54;46;43;44;38;46;42;57;63;57
"Women";"Age, total";"Republic of North Macedonia";18;19;27;18;20;12;34;17;25;25;33;24;19;31;34;41;72;61;56
"Women";"Age, total";"Norway";94;115;117;96;101;98;99;110;109;92;111;124;95;107;105;100;131;150;116
"Women";"Age, total";"Poland";134;179;140;156;172;197;202;251;308;318;349;322;311;361;390;402;507;526;516
"Women";"Age, total";"Portugal";5;6;8;5;2;4;4;6;2;7;10;10;11;12;14;3;17;16;12
"Women";"Age, total";"Romania";18;28;136;19;32;33;46;88;77;103;130;155;166;171;168;226;302;332;347
"Women";"Age, total";"Russia";48;49;50;32;43;45;79;60;61;77;66;84;68;72;61;61;77;97;75
"Women";"Age, total";"Switzerland";5;10;5;8;7;9;6;10;10;9;5;11;4;6;4;3;14;8;9
"Women";"Age, total";"Serbia and Montenegro";1;17;10;8;13;8;10;12;11;9;9;13;11;6;7;15;14;12;13
"Women";"Age, total";"Soviet Union";11;22;14;13;12;17;21;25;17;18;15;19;17;14;10;20;9;10;12
"Women";"Age, total";"Spain";19;11;19;16;16;14;13;26;23;16;17;23;16;16;19;28;48;37;40
"Women";"Age, total";"United Kingdom";60;60;49;53;39;51;62;53;64;65;66;69;56;54;49;54;55;81;64
"Women";"Age, total";"Sweden";94;125;103;95;90;120;107;107;92;121;105;107;111;109;90;115;112;131;115
"Women";"Age, total";"Czechoslovakia";14;10;6;6;6;4;11;10;8;9;6;8;5;5;9;8;10;7;7
"Women";"Age, total";"Turkey";269;356;416;331;385;424;525;518;534;612;661;697;608;637;693;775;1044;1013;957
"Women";"Age, total";"Germany";117;128;119;111;110;146;146;154;142;171;179;162;170;161;144;182;186;197;211
"Women";"Age, total";"Ukraine";17;22;21;28;35;45;41;48;46;55;67;66;72;84;67;79;114;100;160
"Women";"Age, total";"Hungary";12;7;13;20;14;16;11;22;33;25;26;29;32;24;38;34;45;39;44
"Women";"Age, total";"Austria";9;16;10;5;6;5;3;9;8;7;14;4;2;3;5;10;5;12;8
"Women";"Age, total";"Algeria";7;4;6;10;5;5;8;5;6;9;8;9;10;4;11;9;26;15;16
"Women";"Age, total";"Egypt";8;7;12;7;3;9;11;16;18;12;17;16;12;18;15;8;35;22;25
"Women";"Age, total";"Ethiopia";9;8;7;9;6;6;6;5;7;6;6;8;10;8;10;9;9;15;14
"Women";"Age, total";"Ghana";11;19;12;7;14;17;13;9;13;8;9;19;15;17;24;26;24;20;32
"Women";"Age, total";"Kenya";4;8;6;3;5;9;9;4;9;11;13;18;15;16;13;16;12;23;21
"Women";"Age, total";"Morocco";55;63;59;62;68;87;87;87;76;89;106;101;82;125;142;146;191;191;160
"Women";"Age, total";"Nigeria";7;10;8;6;6;9;8;10;4;11;13;15;14;7;13;12;15;15;13
"Women";"Age, total";"Somalia";69;85;69;69;59;77;85;77;114;112;146;153;146;125;194;199;261;285;243
"Women";"Age, total";"South Africa";4;1;10;3;5;6;5;7;3;4;5;5;7;4;3;4;9;10;13
"Women";"Age, total";"Tanzania";16;11;8;9;9;11;8;16;18;11;3;14;10;4;7;14;8;11;7
"Women";"Age, total";"Tunisia";8;4;5;5;8;1;7;11;10;8;12;10;11;21;13;15;33;35;29
"Women";"Age, total";"Uganda";8;21;13;9;18;23;26;27;25;26;38;26;24;27;26;31;32;35;31
"Women";"Age, total";"Canada";5;7;6;7;7;8;11;6;9;10;12;11;20;8;13;3;10;13;5
"Women";"Age, total";"USA";27;49;31;19;28;34;27;38;36;36;39;50;44;36;41;32;48;56;56
"Women";"Age, total";"Argentina";2;5;9;4;3;4;8;10;8;9;6;11;11;6;8;10;22;28;27
"Women";"Age, total";"Brazil";21;18;27;30;27;29;29;32;31;38;38;42;39;37;46;41;62;53;64
"Women";"Age, total";"Chile";9;10;9;6;12;13;10;11;10;13;16;14;11;12;16;24;18;26;20
"Women";"Age, total";"Afghanistan";47;72;58;51;64;65;73;82;88;94;102;110;106;113;113;162;192;205;185
"Women";"Age, total";"Philippines";19;36;34;26;33;35;30;47;60;79;70;57;62;54;71;90;68;91;97
"Women";"Age, total";"India";17;31;34;23;17;26;24;18;37;34;32;40;32;34;36;46;44;48;51
"Women";"Age, total";"Indonesia";1;3;0;5;5;5;6;9;4;6;6;2;4;4;5;4;10;5;8
"Women";"Age, total";"Iraq";146;123;156;130;132;165;171;202;219;217;213;255;253;284;306;364;493;489;489
"Women";"Age, total";"Iran";152;151;154;153;132;148;156;178;195;226;216;221;228;208;225;241;316;278;280
"Women";"Age, total";"Israel";8;14;9;7;4;13;10;2;10;11;13;8;8;12;13;12;12;11;13
"Women";"Age, total";"Japan";7;8;5;2;1;5;6;6;3;8;6;9;4;10;2;2;4;7;11
"Women";"Age, total";"Jordan";16;19;17;15;16;17;24;21;30;22;31;32;27;26;29;34;45;48;59
"Women";"Age, total";"China";63;63;53;46;40;164;61;55;52;80;59;85;69;74;77;86;91;107;123
"Women";"Age, total";"Kuwait";20;21;24;26;15;27;25;28;34;35;43;34;36;36;45;55;71;81;87
"Women";"Age, total";"Lebanon";107;125;136;110;135;162;176;219;268;305;307;354;362;366;416;465;666;690;629
"Women";"Age, total";"Myanmar";2;1;0;1;3;0;2;5;8;6;12;9;11;6;11;12;17;19;15
"Women";"Age, total";"Pakistan";129;143;167;130;140;162;170;194;197;199;234;236;204;226;235;278;330;343;377
"Women";"Age, total";"Sri Lanka";31;41;33;31;43;38;47;53;64;56;69;76;81;74;86;87;99;89;97
"Women";"Age, total";"Syria";16;18;26;21;21;22;39;31;43;42;74;95;110;133;195;240;295;343;344
"Women";"Age, total";"Thailand";73;78;93;62;67;101;84;130;114;105;124;144;144;138;153;181;161;185;163
"Women";"Age, total";"Vietnam";114;137;121;108;107;125;128;130;141;110;135;114;132;127;108;138;138;120;143
"Women";"Age, total";"Australia";2;4;8;6;5;2;4;4;8;9;8;8;10;8;3;7;7;6;8
"Women";"Age, total";"Other countries, total";139;200;253;160;168;227;200;227;263;265;306;316;332;352;360;413;487;575;562
"Women";"Age, total";"Other countries, western";12;12;11;8;14;21;17;14;23;21;24;26;29;41;29;41;36;51;49
"Women";"Age, total";"Other countries, non-western";127;188;187;152;154;205;183;213;240;244;282;290;303;311;331;372;451;524;513
"Women";"15-29 years";"Total";7312;8595;7975;7209;7481;8163;8167;8585;8899;9174;9315;9165;8836;8175;8630;9690;11743;12337;10585
"Women";"15-29 years";"Denmark";6193;7320;6680;6184;6372;6724;6693;7072;7286;7482;7470;7241;7025;6353;6620;7394;8814;9078;7760
"Women";"15-29 years";"Belgium";1;1;2;1;0;1;0;0;1;1;1;1;1;1;0;2;1;2;1
"Women";"15-29 years";"Bosnia and Herzegovina";41;47;57;35;48;48;74;59;73;80;84;73;77;68;66;64;76;90;81
"Women";"15-29 years";"Bulgaria";0;3;8;0;5;5;10;17;19;16;15;22;14;15;19;17;23;28;14
"Women";"15-29 years";"Estonia";2;1;4;4;4;7;4;6;3;2;4;2;3;4;1;2;3;3;3
"Women";"15-29 years";"Finland";1;4;2;2;0;1;2;3;1;3;1;1;0;1;1;2;0;4;0
"Women";"15-29 years";"France";5;4;5;9;2;5;3;5;5;7;2;4;4;5;4;5;10;17;14
"Women";"15-29 years";"Greece";1;1;0;0;2;1;1;3;0;0;1;0;2;1;4;2;2;6;3
"Women";"15-29 years";"Ireland";2;2;0;0;0;1;2;1;2;1;1;1;1;1;0;0;2;2;4
"Women";"15-29 years";"Iceland";15;24;0;12;14;20;16;10;14;15;12;14;16;13;25;25;28;23;23
"Women";"15-29 years";"Italy";6;0;6;2;2;3;3;6;2;4;10;5;6;4;8;10;9;22;18
"Women";"15-29 years";"Yugoslavia";93;93;78;55;65;83;104;100;98;90;83;97;77;81;74;75;77;83;82
"Women";"15-29 years";"Yugoslavia, Federal Republic";2;7;6;6;7;10;10;5;12;11;12;10;11;15;13;6;9;16;17
"Women";"15-29 years";"Croatia";2;5;4;2;0;3;4;1;2;1;8;7;10;3;5;8;10;14;11
"Women";"15-29 years";"Latvia";11;9;6;7;7;6;9;11;12;13;11;7;10;12;12;10;12;10;12
"Women";"15-29 years";"Lithuania";8;16;8;14;18;25;16;34;28;37;39;30;34;28;29;32;56;45;42
"Women";"15-29 years";"Netherlands";6;8;8;5;8;8;9;8;10;12;5;11;14;11;9;6;19;24;16
"Women";"15-29 years";"Republic of North Macedonia";9;10;15;10;9;5;14;6;13;11;11;10;7;18;16;16;27;32;22
"Women";"15-29 years";"Norway";19;30;27;19;22;24;19;17;27;14;18;21;11;15;20;19;21;31;25
"Women";"15-29 years";"Poland";36;40;41;39;60;64;59;68;86;94;101;83;68;88;77;77;102;115;110
"Women";"15-29 years";"Portugal";2;1;1;0;1;1;1;2;0;0;3;2;3;2;3;1;3;4;5
"Women";"15-29 years";"Romania";10;12;64;6;12;11;20;31;39;50;63;78;79;63;70;62;112;111;114
"Women";"15-29 years";"Russia";12;18;15;11;15;17;20;14;10;13;14;13;12;12;9;13;15;14;7
"Women";"15-29 years";"Switzerland";0;1;0;1;2;1;0;1;1;0;1;2;1;0;1;0;3;2;1
"Women";"15-29 years";"Serbia and Montenegro";0;10;4;5;5;4;6;3;7;3;4;5;2;3;2;6;5;3;5
"Women";"15-29 years";"Soviet Union";1;2;2;0;1;1;3;2;2;1;1;4;2;2;0;5;2;4;1
"Women";"15-29 years";"Spain";9;5;12;7;4;6;5;9;4;9;5;7;1;2;7;9;16;16;19
"Women";"15-29 years";"United Kingdom";14;7;3;6;3;11;6;6;10;6;12;13;11;7;3;14;11;26;12
"Women";"15-29 years";"Sweden";16;20;13;18;12;21;17;11;9;18;14;18;18;18;9;20;15;28;20
"Women";"15-29 years";"Czechoslovakia";6;1;1;1;0;0;1;2;1;0;1;0;1;1;1;1;0;0;1
"Women";"15-29 years";"Turkey";154;188;181;162;185;199;259;251;225;266;292;314;270;261;302;353;443;463;372
"Women";"15-29 years";"Germany";17;18;14;17;16;23;19;24;21;28;22;18;25;19;16;34;34;40;38
"Women";"15-29 years";"Ukraine";9;13;13;19;19;28;27;25;25;14;26;22;20;25;18;18;34;31;45
"Women";"15-29 years";"Hungary";2;1;4;3;1;4;2;8;9;10;12;7;7;5;15;7;10;9;11
"Women";"15-29 years";"Austria";2;4;1;1;2;1;1;2;0;2;1;0;0;0;0;2;1;3;1
"Women";"15-29 years";"Algeria";1;0;1;4;3;3;3;2;3;3;5;6;7;2;5;6;15;9;8
"Women";"15-29 years";"Egypt";3;2;3;2;0;1;3;3;5;5;4;4;3;5;6;3;13;7;11
"Women";"15-29 years";"Ethiopia";5;5;3;3;3;5;3;4;2;2;3;7;4;2;4;3;6;5;7
"Women";"15-29 years";"Ghana";6;10;8;4;6;6;6;4;5;3;3;6;5;4;5;6;3;9;13
"Women";"15-29 years";"Kenya";1;2;3;1;0;4;5;1;2;3;2;4;4;5;2;3;4;7;4
"Women";"15-29 years";"Morocco";27;34;31;25;33;41;50;51;33;43;48;55;47;55;74;77;95;101;81
"Women";"15-29 years";"Nigeria";4;1;3;1;1;3;2;6;2;6;2;3;1;2;2;3;4;4;3
"Women";"15-29 years";"Somalia";43;57;40;43;36;44;51;34;73;66;81;95;78;66;104;127;144;182;140
"Women";"15-29 years";"South Africa";1;0;3;0;1;1;0;1;0;0;0;0;1;0;1;0;0;1;3
"Women";"15-29 years";"Tanzania";6;3;4;2;2;3;3;5;7;3;1;1;1;1;0;2;0;4;0
"Women";"15-29 years";"Tunisia";4;1;0;2;2;1;2;6;6;5;8;4;5;12;5;7;17;20;16
"Women";"15-29 years";"Uganda";5;11;8;6;8;13;15;9;8;7;12;8;10;5;9;9;5;8;7
"Women";"15-29 years";"Canada";3;1;1;1;2;3;4;1;2;2;1;1;2;0;1;1;1;4;2
"Women";"15-29 years";"USA";6;6;6;1;1;5;5;5;4;4;5;6;9;6;7;8;7;17;6
"Women";"15-29 years";"Argentina";1;0;1;1;1;2;0;1;0;0;0;3;2;0;3;5;8;12;8
"Women";"15-29 years";"Brazil";7;3;12;7;8;6;7;14;9;3;6;6;6;6;10;10;7;8;11
"Women";"15-29 years";"Chile";0;0;3;3;2;3;2;2;1;0;2;2;1;2;5;6;1;3;1
"Women";"15-29 years";"Afghanistan";25;35;30;29;40;38;41;50;41;54;50;62;55;65;56;73;81;111;72
"Women";"15-29 years";"Philippines";3;10;8;4;11;16;14;11;17;17;18;12;17;14;24;18;24;26;19
"Women";"15-29 years";"India";6;10;13;5;5;9;6;2;6;9;6;10;6;10;8;14;12;11;10
"Women";"15-29 years";"Indonesia";0;2;0;1;1;0;1;1;0;0;0;1;0;0;1;1;1;1;1
"Women";"15-29 years";"Iraq";77;60;69;68;60;72;82;86;109;93;97;112;118;138;150;171;251;259;248
"Women";"15-29 years";"Iran";55;55;54;53;57;53;60;45;60;65;57;54;58;53;64;61;97;81;65
"Women";"15-29 years";"Israel";0;4;1;1;2;3;4;0;1;6;3;2;2;5;4;4;3;4;5
"Women";"15-29 years";"Japan";2;0;2;0;0;0;0;1;0;0;0;0;0;1;0;0;0;1;2
"Women";"15-29 years";"Jordan";9;9;11;8;5;9;6;7;14;9;12;13;12;10;9;15;21;20;20
"Women";"15-29 years";"China";24;19;19;15;12;119;26;16;12;19;16;8;10;14;15;14;8;18;15
"Women";"15-29 years";"Kuwait";13;10;14;11;10;11;15;15;14;15;20;15;21;20;24;24;36;39;42
"Women";"15-29 years";"Lebanon";60;72;80;57;76;86;103;112;145;171;170;199;188;187;232;271;367;387;302
"Women";"15-29 years";"Myanmar";1;0;0;0;2;0;2;1;4;2;2;4;3;3;5;7;10;11;6
"Women";"15-29 years";"Pakistan";73;75;75;73;62;74;64;87;76;75;99;89;77;59;70;87;102;110;109
"Women";"15-29 years";"Sri Lanka";10;15;11;9;8;14;20;17;21;20;26;31;35;25;33;27;39;42;30
"Women";"15-29 years";"Syria";2;10;16;9;9;15;16;16;18;21;36;48;49;65;85;123;130;157;176
"Women";"15-29 years";"Thailand";25;24;26;19;12;15;17;28;21;14;18;17;16;18;17;23;22;24;17
"Women";"15-29 years";"Vietnam";41;45;42;27;25;29;28;33;37;27;41;30;30;31;18;24;28;24;27
"Women";"15-29 years";"Australia";1;1;1;1;0;0;1;0;2;1;1;1;4;3;1;1;0;3;1
"Women";"15-29 years";"Other countries, total";55;77;88;50;52;84;61;85;82;87;100;103;106;124;112;139;176;208;187
"Women";"15-29 years";"Other countries, western";2;6;1;1;5;7;5;3;6;5;2;12;7;12;7;15;11;20;14
"Women";"15-29 years";"Other countries, non-western";53;71;68;49;47;77;56;82;76;82;98;91;99;112;105;124;165;188;173
"Women";"30-49 years";"Total";13438;17833;15839;14076;14274;15041;16216;16547;16453;16939;16785;16559;15460;14076;13069;14320;17187;16565;16009
"Women";"30-49 years";"Denmark";12120;16167;14096;12650;12744;13297;14328;14394;14127;14534;14186;13809;12825;11339;10151;11054;13104;12472;11830
"Women";"30-49 years";"Belgium";1;5;2;1;2;4;6;1;4;5;2;6;8;2;4;2;3;9;4
"Women";"30-49 years";"Bosnia and Herzegovina";47;48;50;43;42;47;50;54;67;57;75;75;68;53;73;82;93;105;97
"Women";"30-49 years";"Bulgaria";0;8;28;3;11;5;13;16;17;18;21;20;19;33;35;45;48;58;59
"Women";"30-49 years";"Estonia";1;2;1;2;3;2;5;5;4;1;7;7;4;10;8;11;6;7;11
"Women";"30-49 years";"Finland";8;18;6;15;5;5;8;12;8;8;16;13;12;9;4;9;9;11;10
"Women";"30-49 years";"France";7;6;9;6;9;5;13;9;9;7;10;17;7;9;16;14;15;23;21
"Women";"30-49 years";"Greece";1;4;0;1;0;2;0;1;5;2;3;1;3;9;2;5;6;10;10
"Women";"30-49 years";"Ireland";5;4;3;4;0;4;5;7;4;4;2;2;3;2;4;5;5;3;2
"Women";"30-49 years";"Iceland";26;27;0;19;23;25;39;31;39;37;38;35;32;49;46;51;48;44;47
"Women";"30-49 years";"Italy";8;10;5;4;5;8;9;13;12;10;11;14;12;11;20;22;26;28;24
"Women";"30-49 years";"Yugoslavia";94;106;99;94;99;100;119;124;139;114;146;127;118;109;120;105;158;153;138
"Women";"30-49 years";"Yugoslavia, Federal Republic";4;9;8;9;9;5;8;11;12;16;19;17;9;14;11;14;13;22;11
"Women";"30-49 years";"Croatia";1;4;5;5;4;3;6;8;4;9;3;6;7;5;5;9;9;14;8
"Women";"30-49 years";"Latvia";0;4;6;5;4;8;19;16;21;35;16;36;44;35;37;28;43;49;30
"Women";"30-49 years";"Lithuania";3;8;12;9;10;22;24;28;34;42;52;62;60;49;76;80;95;93;101
"Women";"30-49 years";"Netherlands";17;24;27;22;27;27;22;24;19;27;32;25;18;20;20;18;23;24;19
"Women";"30-49 years";"Republic of North Macedonia";7;8;11;8;10;6;18;10;12;12;19;12;11;13;18;22;40;27;26
"Women";"30-49 years";"Norway";45;57;61;54;49;51;51;60;54;52;54;64;47;49;45;49;63;74;51
"Women";"30-49 years";"Poland";68;94;64;81;73;81;99;129;148;168;169;169;171;204;232;248;299;314;326
"Women";"30-49 years";"Portugal";2;3;5;4;1;1;3;3;2;4;6;7;6;6;9;2;12;11;4
"Women";"30-49 years";"Romania";7;13;56;11;18;17;21;50;35;44;59;69;78;94;86;149;173;197;202
"Women";"30-49 years";"Russia";31;26;26;14;21;25;44;36;45;46;32;50;37;43;35;33;47;49;47
"Women";"30-49 years";"Switzerland";4;4;4;3;2;2;3;6;7;5;2;6;2;5;2;2;6;5;4
"Women";"30-49 years";"Serbia and Montenegro";1;5;6;3;7;3;2;7;3;5;3;6;6;2;5;8;7;7;7
"Women";"30-49 years";"Soviet Union";7;14;9;8;6;10;10;16;9;10;8;7;8;9;4;6;2;3;5
"Women";"30-49 years";"Spain";3;5;6;7;8;5;5;13;16;5;10;11;10;12;7;13;24;14;14
"Women";"30-49 years";"United Kingdom";29;32;30;29;22;26;29;33;33;35;34;35;23;19;23;18;21;33;27
"Women";"30-49 years";"Sweden";48;57;53;43;52;57;54;53;46;47;44;52;42;45;40;44;58;66;56
"Women";"30-49 years";"Czechoslovakia";5;7;3;4;5;4;7;5;5;4;1;3;3;1;2;3;5;3;2
"Women";"30-49 years";"Turkey";108;162;223;161;191;217;248;249;286;316;338;333;295;338;332;364;504;464;450
"Women";"30-49 years";"Germany";61;63;67;41;54;72;67;68;61;75;73;76;72;63;61;73;89;84;98
"Women";"30-49 years";"Ukraine";6;9;5;7;13;13;9;22;19;34;36;42;40;52;46;53;73;64;98
"Women";"30-49 years";"Hungary";4;4;7;8;11;10;6;9;16;8;8;15;17;15;12;22;21;22;22
"Women";"30-49 years";"Austria";2;5;4;1;1;3;1;3;2;1;4;2;0;1;2;4;3;8;5
"Women";"30-49 years";"Algeria";4;4;2;5;2;1;3;2;0;4;2;3;3;2;3;2;8;5;8
"Women";"30-49 years";"Egypt";5;5;6;3;1;6;5;8;8;4;10;4;5;8;5;5;17;9;11
"Women";"30-49 years";"Ethiopia";4;3;3;5;3;1;2;1;4;2;3;1;5;5;4;6;3;7;6
"Women";"30-49 years";"Ghana";5;8;4;3;7;10;6;5;7;5;5;12;8;11;17;13;17;9;16
"Women";"30-49 years";"Kenya";2;4;3;0;3;4;2;1;7;7;11;12;8;7;10;12;6;10;15
"Women";"30-49 years";"Morocco";25;29;24;31;31;32;31;27;35;40;46;39;28;59;51;57;70;70;58
"Women";"30-49 years";"Nigeria";3;9;5;5;5;6;6;4;2;5;10;11;8;5;9;9;9;9;8
"Women";"30-49 years";"Somalia";25;27;28;23;23;32;34;41;37;38;58;52;58;49;76;55;95;84;88
"Women";"30-49 years";"South Africa";2;1;3;3;3;3;2;5;2;4;5;4;3;2;2;4;7;5;5
"Women";"30-49 years";"Tanzania";10;7;4;6;6;6;5;10;9;5;1;9;7;2;5;10;5;6;4
"Women";"30-49 years";"Tunisia";4;3;5;3;5;0;4;5;4;3;3;3;6;7;7;4;10;6;10
"Women";"30-49 years";"Uganda";3;9;4;3;9;10;8;12;14;13;20;15;8;15;14;16;21;20;21
"Women";"30-49 years";"Canada";1;5;3;4;2;3;4;2;5;4;5;9;13;4;9;0;5;5;1
"Women";"30-49 years";"USA";14;29;17;14;16;18;17;21;19;20;20;23;17;16;19;12;22;24;28
"Women";"30-49 years";"Argentina";0;2;3;2;0;1;4;7;6;6;5;6;7;5;4;2;8;15;15
"Women";"30-49 years";"Brazil";12;14;13;19;16;16;16;11;16;24;22;28;27;24;29;22;38;35;41
"Women";"30-49 years";"Chile";5;6;4;2;8;7;7;7;5;5;10;9;7;5;6;13;13;17;12
"Women";"30-49 years";"Afghanistan";18;33;25;21;22;26;31;29;41;34;47;37;44;39;46;79;101;82;99
"Women";"30-49 years";"Philippines";10;19;24;15;16;13;11;30;30;42;35;33;35;32;35;50;34;44;52
"Women";"30-49 years";"India";10;13;16;14;9;9;14;15;23;20;21;24;23;19;23;27;26;27;32
"Women";"30-49 years";"Indonesia";1;1;0;3;1;3;1;3;2;4;4;1;2;2;2;2;5;3;4
"Women";"30-49 years";"Iraq";60;58;83;55;67;82;72;107;98;100;102;113;110;110;123;154;186;170;190
"Women";"30-49 years";"Iran";80;82;81;79;59;73;67;98;103;105;108;119;120;104;108;126;152;123;141
"Women";"30-49 years";"Israel";6;10;7;5;1;8;5;2;8;5;9;5;4;4;7;3;7;6;6
"Women";"30-49 years";"Japan";1;4;1;2;0;2;5;2;2;4;2;2;3;5;1;1;1;1;8
"Women";"30-49 years";"Jordan";6;9;5;7;10;7;17;9;13;10;15;15;11;12;15;14;23;20;33
"Women";"30-49 years";"China";35;37;30;24;22;34;26;29;31;38;30;53;44;40;52;46;64;63;80
"Women";"30-49 years";"Kuwait";6;11;10;13;5;16;9;13;19;18;19;14;14;13;16;24;28;34;32
"Women";"30-49 years";"Lebanon";45;49;48;52;51;70;65;90;112;120;118;132;146;153;145;162;238;252;260
"Women";"30-49 years";"Myanmar";1;1;0;1;1;0;0;3;3;3;8;5;7;3;5;3;6;7;7
"Women";"30-49 years";"Pakistan";50;56;84;53;69;73;94;96;106;115;120;130;107;140;138;144;192;177;216
"Women";"30-49 years";"Sri Lanka";16;23;19;15;27;18;22;33;32;31;36;34;40;38;40;42;44;38;47
"Women";"30-49 years";"Syria";13;8;10;12;12;7;22;15;25;18;32;43;54;60;97;107;145;165;147
"Women";"30-49 years";"Thailand";44;47;60;37;50;72;57;83;76;71;74;94;92;91;86;110;94;97;87
"Women";"30-49 years";"Vietnam";62;79;68;66;67;81;76;77;78;67;73;63;79;67;66;85;79;70;80
"Women";"30-49 years";"Australia";1;2;5;2;4;0;1;2;2;6;5;5;6;2;0;2;5;2;3
"Women";"30-49 years";"Other countries, total";68;104;135;90;100;119;114;116;145;142;152;166;184;187;201;230;252;278;272
"Women";"30-49 years";"Other countries, western";6;5;9;4;6;11;6;8;12;13;18;8;20;20;20;22;22;24;26
"Women";"30-49 years";"Other countries, non-western";62;99;97;86;94;108;108;108;133;129;134;158;164;167;181;208;230;254;246
"Women";"50-79 years";"Total";5796;7492;6604;6042;6421;6901;7959;8784;8955;10176;10747;10664;11100;10617;9869;10808;12213;12238;12337
"Women";"50-79 years";"Denmark";5401;7008;6163;5605;5991;6363;7405;8151;8256;9387;9849;9790;10222;9733;8888;9771;10956;10908;10900
"Women";"50-79 years";"Belgium";0;0;2;2;1;0;1;2;2;1;1;2;4;3;0;1;2;3;1
"Women";"50-79 years";"Bosnia and Herzegovina";16;20;12;17;23;29;22;32;31;37;43;30;26;22;33;24;39;41;36
"Women";"50-79 years";"Bulgaria";3;1;4;4;1;0;0;2;3;1;5;1;7;6;6;9;13;14;23
"Women";"50-79 years";"Estonia";0;0;1;1;0;0;0;0;0;1;1;1;2;2;2;0;2;0;1
"Women";"50-79 years";"Finland";12;14;12;13;8;10;10;13;10;12;11;13;14;9;7;10;11;7;10
"Women";"50-79 years";"France";5;15;8;6;5;8;6;10;4;3;10;3;3;9;9;7;4;7;6
"Women";"50-79 years";"Greece";0;0;1;0;2;1;0;0;2;2;1;2;1;0;6;0;1;2;3
"Women";"50-79 years";"Ireland";5;1;2;1;4;0;2;2;1;4;4;3;2;3;1;4;2;1;5
"Women";"50-79 years";"Iceland";7;11;0;12;8;12;9;13;14;11;18;16;15;10;19;13;17;18;13
"Women";"50-79 years";"Italy";2;6;4;3;0;4;2;1;5;5;7;4;2;5;5;10;8;5;12
"Women";"50-79 years";"Yugoslavia";31;34;31;26;33;37;29;38;62;42;56;48;49;34;45;44;62;73;74
"Women";"50-79 years";"Yugoslavia, Federal Republic";1;1;2;2;1;4;0;3;3;3;4;3;3;3;3;3;4;3;4
"Women";"50-79 years";"Croatia";0;3;0;2;5;1;1;3;3;0;5;2;4;2;4;3;4;4;3
"Women";"50-79 years";"Latvia";0;0;0;1;2;1;0;2;1;0;0;2;1;4;7;7;10;9;4
"Women";"50-79 years";"Lithuania";0;0;1;0;1;1;3;3;4;3;9;9;5;9;3;8;15;16;12
"Women";"50-79 years";"Netherlands";7;9;3;4;6;9;4;8;8;15;9;7;12;7;17;18;15;15;22
"Women";"50-79 years";"Republic of North Macedonia";2;1;1;0;1;1;2;1;0;2;3;2;1;0;0;3;5;2;8
"Women";"50-79 years";"Norway";30;28;29;23;30;23;29;33;28;26;39;39;37;43;40;32;47;45;40
"Women";"50-79 years";"Poland";30;45;35;36;39;52;44;54;74;56;79;70;72;69;81;77;106;97;80
"Women";"50-79 years";"Portugal";1;2;2;1;0;2;0;1;0;3;1;1;2;4;2;0;2;1;3
"Women";"50-79 years";"Romania";1;3;16;2;2;5;5;7;3;9;8;8;9;14;12;15;17;24;31
"Women";"50-79 years";"Russia";5;5;9;7;7;3;15;10;6;18;20;21;19;17;17;15;15;34;21
"Women";"50-79 years";"Switzerland";1;5;1;4;3;6;3;3;2;4;2;3;1;1;1;1;5;1;4
"Women";"50-79 years";"Serbia and Montenegro";0;2;0;0;1;1;2;2;1;1;2;2;3;1;0;1;2;2;1
"Women";"50-79 years";"Soviet Union";3;6;3;5;5;6;8;7;6;7;6;8;7;3;6;9;5;3;6
"Women";"50-79 years";"Spain";7;1;1;2;4;3;3;4;3;2;2;5;5;2;5;6;8;7;7
"Women";"50-79 years";"United Kingdom";17;21;16;18;14;14;27;14;21;24;20;21;22;28;23;22;23;22;25
"Women";"50-79 years";"Sweden";30;48;37;34;26;42;36;43;37;56;47;37;51;46;41;51;39;37;39
"Women";"50-79 years";"Czechoslovakia";3;2;2;1;1;0;3;3;2;5;4;5;1;3;6;4;5;4;4
"Women";"50-79 years";"Turkey";7;6;12;8;9;8;18;18;23;30;31;50;43;38;59;58;97;86;135
"Women";"50-79 years";"Germany";39;47;38;53;40;51;60;62;60;68;84;68;73;79;67;75;63;73;75
"Women";"50-79 years";"Ukraine";2;0;3;2;3;4;5;1;2;7;5;2;12;7;3;8;7;5;17
"Women";"50-79 years";"Hungary";6;2;2;9;2;2;3;5;8;7;6;7;8;4;11;5;14;8;11
"Women";"50-79 years";"Austria";5;7;5;3;3;1;1;4;6;4;9;2;2;2;3;4;1;1;2
"Women";"50-79 years";"Algeria";2;0;3;1;0;1;2;1;3;2;1;0;0;0;3;1;3;1;0
"Women";"50-79 years";"Egypt";0;0;3;2;2;2;3;5;5;3;3;8;4;5;4;0;5;6;3
"Women";"50-79 years";"Ethiopia";0;0;1;1;0;0;1;0;1;2;0;0;1;1;2;0;0;3;1
"Women";"50-79 years";"Ghana";0;1;0;0;1;1;1;0;1;0;1;1;2;2;2;7;4;2;3
"Women";"50-79 years";"Kenya";1;2;0;2;2;1;2;2;0;1;0;2;3;4;1;1;2;6;2
"Women";"50-79 years";"Morocco";3;0;4;6;4;14;6;9;8;6;12;7;7;11;17;12;26;20;21
"Women";"50-79 years";"Nigeria";0;0;0;0;0;0;0;0;0;0;1;1;5;0;2;0;2;2;2
"Women";"50-79 years";"Somalia";1;1;1;3;0;1;0;2;4;8;7;6;10;10;14;17;22;19;15
"Women";"50-79 years";"South Africa";1;0;4;0;1;2;3;1;1;0;0;1;3;2;0;0;2;4;5
"Women";"50-79 years";"Tanzania";0;1;0;1;1;2;0;1;2;3;1;4;2;1;2;2;3;1;3
"Women";"50-79 years";"Tunisia";0;0;0;0;1;0;1;0;0;0;1;3;0;2;1;4;6;9;3
"Women";"50-79 years";"Uganda";0;1;1;0;1;0;3;6;3;6;6;3;6;7;3;6;6;7;3
"Women";"50-79 years";"Canada";1;1;2;2;3;2;3;3;2;4;6;1;5;4;3;2;4;4;2
"Women";"50-79 years";"USA";7;14;8;4;11;11;5;12;13;12;14;21;18;14;15;12;19;15;22
"Women";"50-79 years";"Argentina";1;3;5;1;2;1;4;2;2;3;1;2;2;1;1;3;6;1;4
"Women";"50-79 years";"Brazil";2;1;2;4;3;7;6;7;6;11;10;8;6;7;7;9;17;10;12
"Women";"50-79 years";"Chile";4;4;2;1;2;3;1;2;4;8;4;3;3;5;5;5;4;6;7
"Women";"50-79 years";"Afghanistan";4;4;3;1;2;1;1;3;6;6;5;11;7;9;11;10;10;12;14
"Women";"50-79 years";"Philippines";6;7;2;7;6;6;5;6;13;20;17;12;10;8;12;22;10;21;26
"Women";"50-79 years";"India";1;8;5;4;3;8;4;1;8;5;5;6;3;5;5;5;6;10;9
"Women";"50-79 years";"Indonesia";0;0;0;1;3;2;4;5;2;2;2;0;2;2;2;1;4;1;3
"Women";"50-79 years";"Iraq";9;5;4;7;5;11;17;9;12;24;14;30;25;36;33;39;56;60;51
"Women";"50-79 years";"Iran";17;14;19;21;16;22;29;35;32;56;51;48;50;51;53;54;67;74;74
"Women";"50-79 years";"Israel";2;0;1;1;1;2;1;0;1;0;1;1;2;3;2;5;2;1;2
"Women";"50-79 years";"Japan";4;4;2;0;1;3;1;3;1;4;4;7;1;4;1;1;3;5;1
"Women";"50-79 years";"Jordan";1;1;1;0;1;1;1;5;3;3;4;4;4;4;5;5;1;8;6
"Women";"50-79 years";"China";4;7;4;7;6;11;9;10;9;23;13;24;15;20;10;26;19;26;28
"Women";"50-79 years";"Kuwait";1;0;0;2;0;0;1;0;1;2;4;5;1;3;5;7;7;8;13
"Women";"50-79 years";"Lebanon";2;4;8;1;8;6;8;17;11;14;19;23;28;26;39;32;61;51;67
"Women";"50-79 years";"Myanmar";0;0;0;0;0;0;0;1;1;1;2;0;1;0;1;2;1;1;2
"Women";"50-79 years";"Pakistan";6;12;8;4;9;15;12;11;15;9;15;17;20;27;27;47;36;56;52
"Women";"50-79 years";"Sri Lanka";5;3;3;7;8;6;5;3;11;5;7;11;6;11;13;18;16;9;20
"Women";"50-79 years";"Syria";1;0;0;0;0;0;1;0;0;3;6;4;7;8;13;10;20;21;21
"Women";"50-79 years";"Thailand";4;7;7;6;5;14;10;19;17;20;32;33;36;29;50;48;45;64;59
"Women";"50-79 years";"Vietnam";11;13;11;15;15;15;24;20;26;16;21;21;23;29;24;29;31;26;36
"Women";"50-79 years";"Australia";0;1;2;3;1;2;2;2;4;2;2;2;0;3;2;4;2;1;4
"Women";"50-79 years";"Other countries, total";16;19;30;20;16;24;25;26;36;36;54;47;42;41;47;44;59;89;103
"Women";"50-79 years";"Other countries, western";4;1;1;3;3;3;6;3;5;3;4;6;2;9;2;4;3;7;9
"Women";"50-79 years";"Other countries, non-western";12;18;22;17;13;20;19;23;31;33;50;41;40;32;45;40;56;82;94
